{"text": " And there I sit with that for the moment. Thank you.", "segments": [{"id": 0, "seek": 0, "start": 0.0, "end": 2.48, "text": " And there I sit with that for the moment.", "tokens": [50363, 843, 612, 314, 1650, 351, 326, 329, 262, 2589, 13, 50487], "temperature": 0.0, "avg_logprob": -0.42717774709065753, "compression_ratio": 0.9285714285714286, "no_speech_prob": 0.047926001250743866}, {"id": 1, "seek": 0, "start": 2.48, "end": 3.72, "text": " Thank you.", "tokens": [50487, 6952, 345, 13, 50549], "temperature": 0.0, "avg_logprob": -0.42717774709065753, "compression_ratio": 0.9285714285714286, "no_speech_prob": 0.047926001250743866}], "language": "en"}